기업분류지표,기업코드,기업명
PEQV,"['039570', '003920', '006280', '000100', '381970', '005690', '094280', '101000', '225190', '327260', '036120', '011040', '168330', '007390', '225570', '016100', '218150', '082800', '252500', '002800', '264660', '359090', '053800', '169330', '251370', '032820', '240810', '086390', '053350', '333430', '361390', '083550', '225430', '104540', '054780', '033830', '043220', '256630', '331380', '367000']","['HDC랩스', '남양유업', '녹십자', '유한양행', '케이카', '파미셀', '효성ITX', 'KS인더스트리', 'LK삼양', 'RF머트리얼즈', 'SCI평가정보', '경동제약', '내츄럴엔도텍', '네이처셀', '넥슨게임즈', '리더스코스메틱', '미래생명자원', '비보존 제약', '세화피앤씨', '신신제약', '씨앤지하이테크', '씨엔알리서치', '안랩', '엠브레인', '와이엠티', '우리기술', '원익IPS', '유니테스트', '이니텍', '일승', '제노코', '케이엠', '케이엠제약', '코렌텍', '키이스트', '티비씨', '티에스넥스젠', '포인트엔지니어링', '포커스에이치엔에스', '플래티어']"
PEQv,"['373220', '302440', '037270', '020150', '006110', '068270', '336370', '450080', '011330', '011500', '009420', '278650', '024850', '104200', '399720', '035290', '317850', '263800', '206560', '025950', '088130', '042510', '232680', '418420', '388790', '412350', '215100', '086900', '417970', '250060', '142760', '254490', '053030', '064550', '064480', '089970', '251630', '146320', '148780', '411080', '347000', '108860', '068760', '328380', '066790', '096530', '036010', '099190', '059120', '019990', '304360', '058610', '083500', '356680', '419080', '322310', '173130', '232140', '122870', '101730', '320000', '032620', '274400', '088390', '351330', '083470', '091120', '090470', '228760', '109820', '042000', '950160', '282880', '060280', '405100', '219130', '191420', '054450', '393210', '131290', '356860', '130740', '441270', '009520', '094940', '220100', '347770', '163730', '417180', '090710']","['LG에너지솔루션', 'SK바이오사이언스', 'YG PLUS', '롯데에너지머티리얼즈', '삼아알미늄', '셀트리온', '솔루스첨단소재', '에코프로머티', '유니켐', '한농화성', '한올바이오파마', 'HLB바이오스텝', 'HLB이노베이션', 'NHN벅스', '가온칩스', '골드앤에스', '대모', '데이타솔루션', '덱스터', '동신건설', '동아엘텍', '라온시큐어', '라온테크', '라온텍', '라이콤', '레이저쎌', '로보로보', '메디톡스', '모델솔루션', '모비스', '모아라이프플러스', '미래반도체', '바이넥스', '바이오니아', '브리지텍', '브이엠', '브이원텍', '비씨엔씨', '비큐AI', '샌즈랩', '센코', '셀바스AI', '셀트리온제약', '솔트웨어', '씨씨에스', '씨젠', '아비코전자', '아이센스', '아진엑스텍', '에너토크', '에스바이오메딕스', '에스피지', '에프엔에스테크', '엑스게이트', '엔젯', '오로스테크놀로지', '오파스넷', '와이씨', '와이지엔터테인먼트', '위메이드맥스', '윈텍', '유비케어', '이노시뮬레이션', '이녹스', '이삭엔지니어링', '이엠앤아이', '이엠텍', '제이스텍', '지노믹트리', '진매트릭스', '카페24', '코오롱티슈진', '코윈테크', '큐렉소', '큐알티', '타이거일렉', '테고사이언스', '텔레칩스', '토마토시스템', '티에스이', '티엘비', '티피씨글로벌', '파인엠텍', '포스코엠텍', '푸른기술', '퓨쳐켐', '핌스', '핑거', '핑거스토리', '휴림로봇']"
PEqV,"['282330', '002210', '032350', '090370', '005030', '004410', '011300', '403550', '010580', '049800', '093230', '102460', '006490', '249420', '000230', '271980', '000650', '036420', '019490', '111110', '008770', '298000', '079980', '013720', '311690', '083660', '099520', '246960', '078130', '186230', '267320', '332290', '012340', '100130', '127120', '317120', '214260', '171010', '305090', '214610', '092190', '258790', '066910', '025870', '215600', '222800', '217330', '208640', '222420', '357580', '227610', '069920', '101390', '372800', '260660', '196300', '205500', '065420', '043340', '153710', '217820', '008290', '206650', '009730', '086890', '150840', '178780', '110020', '276730', '082270', '204840', '317530', '274090', '222040', '322780', '317690', '078940', '200230', '222110', '290720', '334970', '041590', '257370', '226440', '198940']","['BGF리테일', '동성제약', '롯데관광개발', '메타랩스', '부산주공', '서울식품', '성안머티리얼스', '쏘카', '에스엠벡셀', '우진플라임', '이아이디', '이연제약', '인스코비', '일동제약', '일동홀딩스', '제일약품', '천일고속', '콘텐트리중앙', '하이트론', '호전실업', '호텔신라', '효성화학', '휴비스', 'CBI', 'CJ 바이오사이언스', 'CSA 코스믹', 'ITX-AI', 'SCL사이언스', '국일제지', '그린플러스', '나인테크', '누보', '뉴인텍', '동국S&C', '디엔에이링크', '라닉스', '라파스', '램테크놀러지', '마이크로디지탈', '미코바이오메드', '서울바이오시스', '소프트캠프', '손오공', '신라에스지', '신라젠', '심텍', '싸이토젠', '썸에이지', '쎄노텍', '아모센스', '아우딘퓨쳐스', '아이에스이커머스', '아이엠', '아이티아이즈', '알리코제약', '애니젠', '액션스퀘어', '에스아이리소스', '에쎈테크', '옵티팜', '원익피앤이', '원풍물산', '유바이오로직스', '이렘', '이수앱지스', '인트로메딕', '일월지엠엘', '전진바이오팜', '제주맥주', '젬백스', '지엘팜텍', '캐리소프트', '켄코아에어로스페이스', '코스맥스엔비티', '코퍼스코리아', '퀀타매트릭스', '퀀타피아', '텔콘RF제약', '팬젠', '푸드나무', '프레스티지바이오로직스', '플래스크', '피엔티엠에스', '한송네오텍', '한주라이트메탈']"
PEqv,"['010620', '329180', '003580', '000040', '011810', '002710', '001570', '145210', '001470', '010140', '004380', '011230', '011930', '112610', '012170', '007460', '066970', '005950', '074610', '084680', '377300', '005420', '012450', '042660', '093370', '083790', '180400', '028300', '047920', '419530', '255220', '217730', '114190', '053950', '348150', '307750', '204620', '019660', '242040', '033640', '330860', '396270', '142280', '348340', '340360', '067080', '317330', '217620', '383930', '315640', '300120', '347700', '294140', '328130', '302550', '073570', '377480', '377030', '140410', '279600', '095500', '207760', '086820', '177350', '338220', '357880', '009620', '042600', '107600', '294630', '365340', '222810', '290690', '032680', '304100', '276040', '203690', '232830', '065350', '162300', '297090', '189330', '092040', '246720', '124500', '084850', '321820', '354320', '140670', '096610', '347860', '291650', '299910', '179530', '174900', '102120', '389500', '298060', '351320', '052020', '187660', '200710', '298380', '203400', '088800', '172670', '200470', '101360', '086520', '247540', '036810', '373200', '236810', '354200', '348370', '291230', '058970', '032790', '417860', '039200', '080580', '353590', '394280', '244460', '226950', '380540', '338840', '112290', '103840', '112040', '097800', '018000', '388720', '340930', '056080', '179900', '072770', '115610', '047560', '294090', '389470', '064290', '234920', '289220', '187420', '322510', '229000', '051980', '314130', '303030', '270520', '085660', '278280', '284620', '313760', '032500', '258610', '402030', '391710', '080530', '166480', '045970', '365270', '115180', '089030', '199800', '322180', '117730', '246710', '321550', '168360', '087010', '389140', '057880', '371950', '151910', '405000', '241820', '147760', '304840', '062970', '299030', '067310', '101670', '365590', '106080', '042520', '091440', '058450']","['HD현대미포', 'HD현대중공업', 'HLB글로벌', 'KR모터스', 'STX', 'TCC스틸', '금양', '다이나믹디자인', '삼부토건', '삼성중공업', '삼익THK', '삼화전자', '신성이엔지', '씨에스윈드', '아센디오', '에이프로젠', '엘앤에프', '이수화학', '이엔플러스', '이월드', '카카오페이', '코스모화학', '한화에어로스페이스', '한화오션', '후성', 'CG인바이츠', 'DXVX', 'HLB', 'HLB제약', 'SAMG엔터', 'SG', '강스템바이오텍', '강원에너지', '경남제약', '고바이오랩', '국전약품', '글로벌텍스프리', '글로본', '나무기술', '네패스', '네패스아크', '넥스트칩', '녹십자엠에스', '뉴로메카', '다보링크', '대화제약', '덕산테코피아', '디딤이앤에프', '디티앤씨알오', '딥노이드', '라온피플', '라이프시맨틱스', '레몬', '루닛', '리메드', '리튬포어스', '마음AI', '맥스트', '메지온', '미디어젠', '미래나노텍', '미스터블루', '바이오솔루션', '베셀', '뷰노', '비트나인', '삼보산업', '새로닉스', '새빗켐', '서남', '성일하이텍', '세토피아', '소룩스', '소프트센', '솔트룩스', '스코넥', '스피어파워', '시큐센', '신성델타테크', '신스틸', '씨에스베어링', '씨이랩', '아미코젠', '아스타', '아이티센', '아이티엠반도체', '아티스트유나이티드', '알멕', '알에스오토메이션', '알에프세미', '알체라', '압타머사이언스', '애닉', '애드바이오텍', '앱클론', '어보브반도체', '에스비비테크', '에스씨엠생명과학', '에스에이티이엔지', '에스티큐브', '에이디엠코리아', '에이디테크놀로지', '에이비엘바이오', '에이비온', '에이스테크', '에이엘티', '에이팩트', '에코앤드림', '에코프로', '에코프로비엠', '에프에스티', '엑스플러스', '엔비티', '엔젠바이오', '엔켐', '엔피', '엠로', '엠젠솔루션', '오브젠', '오스코텍', '오킨스전자', '오토앤', '오픈엣지테크놀로지', '올리패스', '올릭스', '옵티코어', '와이바이오로직스', '와이씨켐', '우양', '위메이드', '윈팩', '유니슨', '유일로보틱스', '유일에너테크', '유진로봇', '유티아이', '율호', '이미지스', '이스트소프트', '이오플로우', '인벤티지랩', '인텍플러스', '자이글', '자이언트스텝', '제노포커스', '제이엘케이', '젠큐릭스', '중앙첨단소재', '지놈앤컴퍼니', '지니틱스', '지오릿에너지', '차바이오텍', '천보', '카이노스메드', '캐리', '케이엠더블유', '케일럼', '코난테크놀로지', '코닉오토메이션', '코디', '코아스템켐온', '코아시아', '큐라클', '큐리언트', '테크윙', '툴젠', '티라유텍', '티로보틱스', '티앤알바이오팹', '티움바이오', '펨트론', '펩트론', '포바이포', '푸른소나무', '풍원정밀', '퓨처코어', '플라즈맵', '피씨엘', '피엠티', '피플바이오', '피피아이', '하나기술', '하나마이크론', '하이드로리튬', '하이딥', '하이소닉', '한스바이오메드', '한울소재과학', '한주에이알티']"
PeQV,"['001530', '001940', '181710', '034120', '001770', '002360', '285130', '084870', '024070', '000860', '267290', '017040', '008060', '001070', '084010', '069460', '002150', '028100', '001520', '004890', '002690', '115390', '280360', '001080', '003610', '007210', '002760', '011390', '272550', '004440', '000390', '000180', '058650', '134790', '002700', '008700', '000670', '010400', '446070', '129260', '003120', '003200', '007110', '317400', '000950', '025620', '044380', '013890', '100250', '051630', '006380', '031820', '078000', '001020', '950210', '004090', '006200', '025890', '104700', '017960', '004150', '372910', '010660', '032560', '005870', '056730', '065770', '050120', '130500', '226360', '111870', '060370', '184230', '022220', '052220', '198440', '039240', '006050', '060480', '900070', '053260', '091590', '311390', '153460', '214870', '154040', '007720', '036480', '104040', '048910', '140520', '075970', '099410', '060380', '228340', '088910', '109740', '043360', '068930', '033130', '105740', '223310', '193250', '014100', '078160', '241770', '087260', '348030', '001810', '199730', '008470', '099390', '033560', '318410', '141000', '238200', '361670', '032280', '037460', '024950', '017480', '027580', '042940', '079650', '100660', '046890', '067370', '024830', '268600', '049830', '020710', '269620', '138070', '260930', '025980', '065660', '148250', '314140', '290740', '217480', '121890', '275630', '031330', '306040', '195990', '312610', '239610', '044780', '097780', '073540', '101400', '265740', '183490', '048830', '033310', '060850', '010470', '031510', '049480', '109080', '073560', '046940', '032940', '012620', '196700', '071460', '044340', '038620', '335870', '203450', '054930', '023410', '067920', '056090', '073490', '900110', '041520', '063760', '024810', '277410', '037330', '045510', '137950', '033320', '026040', '033050', '052670', '000440', '208350', '066360', '900310', '078340', '079190', '042040', '027050', '056360', '015710', '110790', '053620', '215480', '290090', '062860', '081150', '037070', '170790', '038950', '106240', '054300', '119500', '053160', '005860', '041440', '011080', '064240', '126640', '061250', '290270', '353190']","['DI동일', 'KISCO홀딩스', 'NHN', 'SBS', 'SHD', 'SH에너지화학', 'SK케미칼', 'TBH글로벌', 'WISCOM', '강남제비스코', '경동도시가스', '광명전기', '대덕', '대한방직', '대한제강', '대호에이엘', '도화엔지니어링', '동아지질', '동양', '동일산업', '동일제강', '락앤락', '롯데웰푸드', '만호제강', '방림', '벽산', '보락', '부산산업', '삼양패키징', '삼일씨엔에스', '삼화페인트', '성창기업지주', '세아홀딩스', '시디즈', '신일전자', '아남전자', '영풍', '우진아이엔에스', '유니드비티플러스', '인터지스', '일성아이에스', '일신방직', '일신석재', '자이에스앤디', '전방', '제이준코스메틱', '주연테크', '지누스', '진양홀딩스', '진양화학', '카프로', '콤텍시스템', '텔코웨어', '페이퍼코리아', '프레스티지바이오파마', '한국석유', '한국전자홀딩스', '한국주강', '한국철강', '한국카본', '한솔홀딩스', '한컴라이프케어', '화천기계', '황금에스티', '휴니드', 'CNT85', 'CS', 'ES큐브', 'GH신소재', 'KH 건설', 'KH 미래물산', 'LS마린솔루션', 'SGA솔루션즈', 'TKG애강', 'iMBC', '강동씨앤엘', '경남스틸', '국영지앤엠', '국일신동', '글로벌에스엠', '금강철강', '남화토건', '네오크레마', '네이블', '뉴지랩파마', '다산솔루에타', '대명소노시즌', '대성미생물', '대성파인텍', '대원미디어', '대창스틸', '동국알앤에스', '동방선기', '동양에스텍', '동양파일', '동우팜투테이블', '디에스케이', '디지아이', '디지털대성', '디지틀조선', '디케이락', '딥마인드', '링크드', '메디앙스', '메디포스트', '메카로', '모바일어플라이언스', '모비릭스', '무림SP', '바이오인프라', '부스타', '브레인즈컴퍼니', '블루콤', '비비씨', '비아트론', '비피도', '삼영에스앤씨', '삼일', '삼지전자', '삼천리자전거', '삼현철강', '상보', '상지건설', '서산', '서암기계공업', '서울반도체', '선바이오', '세원물산', '셀리버리', '승일', '시공테크', '시스웍', '신진에스엠', '씨티케이', '아난티', '안트로젠', '알엔투테크놀로지', '알피바이오', '액트로', '에스디생명공학', '에스디시스템', '에스에스알', '에스에이엠티', '에스제이그룹', '에이비프로바이오', '에이에프더블류', '에이치엘사이언스', '에이치케이', '에코볼트', '에프알텍', '엔시트론', '엔에프씨', '엔지켐생명과학', '엔피케이', '엠투엔', '영림원소프트랩', '오리콤', '오스템', '오픈베이스', '옵티시스', '우리손에프앤지', '우원개발', '원익', '원일특강', '웹스', '위니아', '위닉스', '위즈코프', '윙스풋', '유니온커뮤니티', '유신', '유진기업', '이글루', '이노시스', '이노와이어리스', '이스트아시아홀딩스', '이엘씨', '이엘피', '이화전기', '인산가', '인지디스플레', '정원엔시스', '제이씨케미칼', '제이씨현시스템', '제이에스티나', '제이엠아이', '제일바이오', '중앙에너비스', '지란지교시큐리티', '체리부로', '컬러레이', '컴투스', '케스피온', '케이피엠테크', '코리아나', '코위버', '코콤', '크리스에프앤씨', '태양', '토박스코리아', '트윔', '티엘아이', '티플랙스', '파세코', '파이오링크', '파인디지털', '파인테크닉스', '팬스타엔터프라이즈', '포메탈', '프리엠스', '한일사료', '현대에버다임', '형지I&C', '홈캐스트', '화신정공', '화일약품', '휴네시온', '휴럼']"
PeQv,"['322000', '003560', '092220', '058850', '051910', '009160', '361610', '012320', '083420', '008350', '251270', '353200', '000300', '006650', '001440', '003160', '286940', '011170', '026940', '001430', '161000', '137310', '900140', '271940', '003240', '055490', '071090', '004560', '011210', '004020', '115450', '376190', '053290', '040300', '282720', '089140', '048470', '393890', '005160', '060570', '200350', '084650', '217500', '277810', '090360', '108490', '219420', '049950', '301300', '065170', '263810', '396300', '253840', '408900', '033170', '290520', '099320', '339950', '052860', '059100', '238090', '255440', '270660', '038680', '060540', '234300', '317830', '230240', '205100', '092870', '182400', '069410', '227950', '083310', '352910', '066430', '046970', '014190', '030530', '376980', '336060', '043590', '123420', '065370', '299900', '450520', '189300', '048530', '039290', '159580', '094970', '089790', '263860', '144510', '046070', '065130', '124560', '073640', '150900', '047310', '271830', '064800', '189690', '039980', '053610', '291810', '039740', '054040', '054920', '220180', '900270', '016790', '138360', '205470', '024060']","['HD현대에너지솔루션', 'IHQ', 'KEC', 'KTcs', 'LG화학', 'SIMPAC', 'SK아이이테크놀로지', '경동인베스트', '그린케미칼', '남선알미늄', '넷마블', '대덕전자', '대유플러스', '대한유화', '대한전선', '디아이', '롯데이노베이트', '롯데케미칼', '부국철강', '세아베스틸지주', '애경케미칼', '에스디바이오센서', '엘브이엠씨홀딩스', '일진하이솔루스', '태광산업', '테이팩스', '하이스틸', '현대비앤지스틸', '현대위아', '현대제철', 'HLB테라퓨틱스', 'LB루셈', 'NE능률', 'YTN', '금양그린파워', '넥스턴바이오', '대동스틸', '더블유씨피', '동국산업', '드림어스컴퍼니', '래몽래인', '랩지노믹스', '러셀', '레인보우로보틱스', '로보스타', '로보티즈', '링크제니시스', '미래컴퍼니', '바이브컴퍼니', '비엘팜텍', '상신전자', '세아메카닉스', '수젠텍', '스튜디오미르', '시그네틱스', '신도기연', '쎄트렉아이', '아이비김영', '아이앤씨', '아이컴포넌트', '앤디포스', '야스', '에브리봇', '에스넷', '에스에이티', '에스트래픽', '에스피시스템스', '에치에프알', '엑셈', '엑시콘', '엔케이맥스', '엔텔스', '엔투텍', '엘오티베큠', '오비고', '와이오엠', '우리로', '원익큐브', '원익홀딩스', '원티드랩', '웨이버스', '웰킵스하이텍', '위메이드플레이', '위세아이텍', '위지윅스튜디오', '인스웨이브시스템즈', '인텔리안테크', '인트론바이오', '인포뱅크', '제로투세븐', '제이엠티', '제이티', '지니언스', '지씨셀', '코다코', '탑엔지니어링', '태웅로직스', '테라사이언스', '파수', '파워로직스', '팸텍', '포니링크', '포시에스', '폴라리스AI', '프로텍', '핀텔', '한국정보공학', '한국컴퓨터', '한컴위드', '핸디소프트', '헝셩그룹', '현대사료', '협진', '휴마시스', '흥구석유']"
PeqV,"['079160', '000120', '375500', '017940', '001250', '007070', '097230', '035000', '119650', '058860', '001120', '108670', '023150', '034310', '018670', '006120', '210980', '005610', '002820', '012200', '002140', '007690', '014530', '008870', '002990', '001210', '004270', '005250', '058730', '006370', '005750', '006570', '128820', '006340', '024890', '012800', '001790', '005960', '170900', '084670', '008970', '023530', '004990', '005300', '071840', '027740', '017180', '009580', '003000', '002070', '001360', '002420', '019440', '091090', '053210', '005390', '031440', '009270', '102280', '004920', '308170', '020560', '122900', '139990', '011090', '023960', '006740', '012280', '012160', '006980', '095720', '008600', '000910', '008250', '015020', '014990', '034590', '002620', '004910', '013870', '001620', '044820', '002020', '120110', '036580', '090080', '010770', '017810', '009810', '010040', '007280', '002390', '069640', '010420', '025750', '004960', '018880', '002220', '009460', '000720', '079430', '011760', '241590', '006060', '139050', '035760', '051500', '025440', '024840', '024120', '021320', '122450', '099220', '049470', '016250', '048550', '317240', '024910', '026910', '035460', '308100', '091970', '106520', '144960', '065150', '129920', '007680', '021040', '067990', '030350', '066900', '012700', '018700', '035620', '208710', '086040', '032980', '066410', '206400', '365900', '369370', '200780', '050090', '044480', '122350', '065570', '038540', '043710', '027040', '189860', '122690', '080470', '068940', '084180', '115570', '013810', '036710', '010280', '037760', '115530', '052710', '127710', '289010', '040910', '123010', '123750', '085810', '117670', '900100', '095910', '214310', '098660', '071670', '128540', '173940', '054940', '067570', '143540', '250930', '053280', '065500', '138080', '067170', '215360', '037400', '215380', '065950', '377460', '011320', '039020', '215790', '095190', '035810', '096040', '001840', '083640', '017250', '095700', '123330', '126880', '034940', '065060', '016920', '293490', '071850', '050110', '036690', '196450', '051780', '040350', '134580', '026150', '043200', '065690', '027710', '377220', '003380', '221840', '222980', '025550', '080720', '037230', '070590', '002680', '115160']","['CJ CGV', 'CJ대한통운', 'DL이앤씨', 'E1', 'GS글로벌', 'GS리테일', 'HJ중공업', 'HS애드', 'KC코트렐', 'KTis', 'LX인터내셔널', 'LX하우시스', 'MH에탄올', 'NICE', 'SK가스', 'SK디스커버리', 'SK디앤디', 'SPC삼립', 'SUN&L', '계양전기', '고려산업', '국도화학', '극동유화', '금비', '금호건설', '금호전기', '남성', '녹십자홀딩스', '다스코', '대구백화점', '대림B&Co', '대림통상', '대성산업', '대원전선', '대원화성', '대창', '대한제당', '동부건설', '동아에스티', '동양고속', '동양철관', '롯데쇼핑', '롯데지주', '롯데칠성', '롯데하이마트', '마니커', '명문제약', '무림P&P', '부광약품', '비비안', '삼성제약', '세기상사', '세아특수강', '세원이앤씨', '스카이라이프', '신성통상', '신세계푸드', '신원', '쌍방울', '씨아이테크', '씨티알모빌리티', '아시아나항공', '아이마켓코리아', '아주스틸', '에넥스', '에쓰씨엔지니어링', '영풍제지', '영화금속', '영흥', '우성', '웅진씽크빅', '윌비스', '유니온', '이건산업', '이스타코', '인디에프', '인천도시가스', '제일파마홀딩스', '조광페인트', '지엠비코리아', '케이비아이동국실업', '코스맥스비티아이', '코오롱', '코오롱인더', '팜스코', '평화산업', '평화홀딩스', '풀무원', '플레이그램', '한국내화', '한국특강', '한독', '한세엠케이', '한솔PNS', '한솔홈데코', '한신공영', '한온시스템', '한일철강', '한창제지', '현대건설', '현대리바트', '현대코퍼레이션', '화승엔터프라이즈', '화승인더', 'BF랩스', 'CJ ENM', 'CJ프레시웨이', 'DH오토웨어', 'KBI메탈', 'KB오토시스', 'KCC건설', 'KX', 'SDN', 'SGA', 'SGC E&C', 'SM C&C', 'TS트릴리온', '경창산업', '광진실업', '기산텔레콤', '까스텔바작', '나노캠텍', '노블엠앤비', '뉴파워프라즈마', '대산F&B', '대성하이텍', '대원', '대호특수강', '도이치모터스', '드래곤플라이', '디에이피', '리드코프', '바른손', '바른손이앤에이', '바이오로그디바이스', '바이오톡스텍', '바이온', '버킷스튜디오', '베노티앤알', '브이씨', '블리츠웨이스튜디오', '비씨월드제약', '비케이홀딩스', '빌리언스', '삼기', '삼영이엔씨', '상상인', '서울리거', '서울전자통신', '서전기전', '서진오토모티브', '성창오토텍', '셀피글로벌', '수성웹툰', '스타플렉스', '스페코', '심텍홀딩스', '쌍용정보통신', '쎄니트', '씨엔플러스', '아모텍', '아시아경제', '아이스크림에듀', '아이씨디', '아이윈플러스', '알톤', '알티캐스트', '알파홀딩스', '애머릿지', '에스에너지', '에스엘에너지', '에스티오', '에이테크솔루션', '에코캡', '에프엔씨엔터', '엑사이엔씨', '엔브이에이치코리아', '영우디에스피', '예선테크', '예스24', '오리엔트정공', '오이솔루션', '오텍', '우리산업', '우리엔터프라이즈', '우정바이오', '웰크론', '위니아에이드', '유니크', '이건홀딩스', '이노인스트루먼트', '이엠코리아', '이지홀딩스', '이트론', '이화공영', '인콘', '인터엠', '제넥신', '제닉', '제이엔케이글로벌', '조아제약', '지엔코', '카스', '카카오게임즈', '캐스텍코리아', '캠시스', '코맥스', '코아시아씨엠', '큐로홀딩스', '크레오에스지', '탑코미디어', '특수건설', '파루', '파커스', '팜스토리', '프롬바이오', '하림지주', '하이즈항공', '한국맥널티', '한국선재', '한국유니온제약', '한국팩키지', '한솔인티큐브', '한탑', '휴맥스']"
Peqv,"['009540', '033180', '034220', '037560', '006260', '000680', '011790', '001740', '096770', '007980', '000500', '005320', '001140', '004540', '000490', '084690', '009190', '024900', '092200', '002410', '000520', '019170', '015260', '003060', '016880', '010600', '047400', '025820', '139480', '013360', '018470', '011000', '009310', '007810', '071950', '003070', '450140', '020120', '011280', '009410', '363280', '047050', '014130', '002320', '000880', '009830', '060900', '245620', '037370', '061970', '160550', '089230', '048770', '078890', '035080', '049080', '137080', '094860', '290660', '137940', '040160', '123840', '064260', '039560', '020400', '008830', '010170', '224060', '043090', '263600', '023790', '025900', '196490', '219550', '187220', '228670', '060240', '038290', '054180', '058110', '363260', '288980', '014470', '230980', '069540', '054090', '140070', '171090', '053450', '049180', '060230', '043100', '159910', '429270', '056700', '060590', '067390', '038880', '078860', '185490', '175250', '361570', '092600', '109610', '031860', '054630', '096690', '038110', '317770', '170920', '323230', '033160', '105550', '900300', '082850', '072470', '066590', '076080', '069330', '054210', '079950', '033230', '036180', '102370', '082660', '102940', '121850', '227100', '352770', '079970', '033540', '032800', '335810', '161580', '136480', '065650', '101680', '084990', '192410', '028080', '175140']","['HD한국조선해양', 'KH 필룩스', 'LG디스플레이', 'LG헬로비전', 'LS', 'LS네트웍스', 'SKC', 'SK네트웍스', 'SK이노베이션', 'TP', '가온전선', '국동', '국보', '깨끗한나라', '대동', '대상홀딩스', '대양금속', '덕양산업', '디아이씨', '범양건영', '삼일제약', '신풍제약', '에이엔피', '에이프로젠바이오로직스', '웅진', '웰바이오텍', '유니온머티리얼', '이구산업', '이마트', '일성건설', '조일알미늄', '진원생명과학', '참엔지니어링', '코리아써키트', '코아스', '코오롱글로벌', '코오롱모빌리티그룹', '키다리스튜디오', '태림포장', '태영건설', '티와이홀딩스', '포스코인터내셔널', '한익스프레스', '한진', '한화', '한화솔루션', 'DGP', 'EDGC', 'EG', 'LB세미콘', 'NEW', 'THE E&M', 'TPC', '가온그룹', '그래디언트', '기가레인', '나래나노텍', '네오리진', '네오펙트', '넥스트아이', '누리플렉스', '뉴온', '다날', '다산네트웍스', '대동금속', '대동기어', '대한광통신', '더코디', '더테크놀로지', '덕우전자', '동일철강', '동화기업', '디에이테크놀로지', '디와이디', '디티앤씨', '레이', '룽투코리아', '마크로젠', '메디콕스', '멕아이씨에스', '모비데이즈', '모아데이타', '부방', '비유테크놀러지', '빛과전자', '삼진엘앤디', '서플러스글로벌', '선익시스템', '세코닉스', '셀루메드', '소니드', '솔고바이오', '스킨앤스킨', '시지트로닉스', '신화인터텍', '씨티씨바이오', '아스트', '아이에이', '아이오케이', '아이진', '아이큐어', '알비더블유', '앤씨앤', '에스와이', '에스유홀딩스', '에이디칩스', '에이루트', '에코플라스틱', '엑스페릭스', '엘티씨', '엠에프엠코리아', '엠케이전자', '엣지파운드리', '오가닉티코스메틱', '우리바이오', '우리산업홀딩스', '우수AMS', '웰크론한텍', '유아이디', '이랜텍', '인베니아', '인성정보', '지더블유바이텍', '케이옥션', '코스나인', '코오롱생명과학', '코이즈', '퀀텀온', '클리노믹스', '투비소프트', '파라텍', '판타지오', '프리시젼바이오', '필옵틱스', '하림', '하이퍼코퍼레이션', '한국정밀기계', '헬릭스미스', '휴림네트웍스', '휴맥스홀딩스', '휴먼테크놀로지']"
pEQV,"['383220', '114090', '069620', '023450', '002840', '268280', '207940', '003230', '075580', '248070', '090430', '078520', '278470', '109070', '010640', '012600', '002960', '123690', '128940', '130660', '058820', '079940', '036620', '049720', '247660', '217270', '045390', '032860', '213420', '033500', '067730', '408920', '251120', '099430', '225530', '006910', '082920', '089980', '357780', '253450', '352480', '123860', '238120', '241840', '230360', '037950', '179290', '347890', '046120', '307280', '344860', '092130', '100030', '119610', '068330', '054950', '033340', '089150', '183300', '241710', '029960', '214150', '237880', '045340', '064760', '368770', '140860', '263750', '318020', '023770', '319660', '166090', '034950', '145020']","['F&F', 'GKL', '대웅제약', '동남합성', '미원상사', '미원에스씨', '삼성바이오로직스', '삼양식품', '세진중공업', '솔루엠', '아모레퍼시픽', '에이블씨엔씨', '에이피알', '주성코퍼레이션', '진양폴리', '청호ICT', '한국쉘석유', '한국화장품', '한미약품', '한전산업', 'CMG제약', '가비아', '감성코퍼레이션', '고려신용정보', '나노씨엠에스', '넵튠', '대아티아이', '더라미', '덕산네오룩스', '동성화인텍', '로지시스', '메쎄이상', '바이오에프디엔씨', '바이오플러스', '보광산업', '보성파워텍', '비츠로셀', '상아프론테크', '솔브레인', '스튜디오드래곤', '씨앤씨인터내셔널', '아나패스', '얼라인드', '에이스토리', '에코마케팅', '엘컴텍', '엠아이텍', '엠투아이', '오르비텍', '원바이오젠', '이노진', '이크레더블', '인지소프트', '인터로조', '일신바이오', '제이브이엠', '좋은사람들', '케이씨티', '코미코', '코스메카코리아', '코엔텍', '클래시스', '클리오', '토탈소프트', '티씨케이', '파이버프로', '파크시스템스', '펄어비스', '포인트모바일', '플레이위드', '피에스케이', '하나머티리얼즈', '한국기업평가', '휴젤']"
pEQv,"['267260', '001060', '178920', '012510', '145720', '006400', '068290', '003720', '009470', '007660', '103590', '185750', '281820', '005070', '259960', '022100', '352820', '042700', '008930', '014680', '011700', '052690', '180640', '307950', '003280', '211270', '109960', '083450', '067630', '046210', '403870', '095340', '035900', '318000', '060250', '218410', '036540', '067160', '098460', '366030', '121600', '039860', '417010', '253590', '348210', '234690', '085670', '290670', '094170', '005290', '110990', '263720', '376300', '092070', '079810', '141080', '058470', '018290', '419540', '335890', '138580', '419120', '000250', '252990', '357550', '148150', '208370', '086980', '025320', '257720', '222080', '074430', '214430', '131370', '196170', '101490', '041510', '039440', '237690', '383310', '290650', '226400', '309930', '273640', '382840', '336570', '084370', '372170', '302430', '264850', '039030', '950140', '389020', '217190', '033100', '079370', '287410', '417500', '204270', '418550', '080220', '036930', '382480', '382800', '311320', '214370', '115500', '093320', '073010', '272110', '256940', '220260', '182360', '139670', '360070', '323280', '340570', '425420', '425040', '214450', '041020', '370090', '321260', '031980', '239890', '376180', '149980', '256840', '032300', '114810', '078350', '319400']","['HD현대일렉트릭', 'JW중외제약', 'PI첨단소재', '더존비즈온', '덴티움', '삼성SDI', '삼성출판사', '삼영', '삼화전기', '이수페타시스', '일진전기', '종근당', '케이씨텍', '코스모신소재', '크래프톤', '포스코DX', '하이브', '한미반도체', '한미사이언스', '한솔케미칼', '한신기계', '한전기술', '한진칼', '현대오토에버', '흥아해운', 'AP위성', 'AP헬스케어', 'GST', 'HLB생명과학', 'HLB파나진', 'HPSP', 'ISC', 'JYP Ent.', 'KBG', 'NHN KCP', 'RFHIC', 'SFA반도체', 'SOOP', '고영', '공구우먼', '나노신소재', '나노엔텍', '나노팀', '네오셈', '넥스틴', '녹십자웰빙', '뉴프렉스', '대보마그네틱', '동운아나텍', '동진쎄미켐', '디아이티', '디앤씨미디어', '디어유', '디엔에프', '디이엔티', '리가켐바이오', '리노공업', '브이티', '비스토스', '비올', '비즈니스온', '산돌', '삼천당제약', '샘씨엔에스', '석경에이티', '세경하이테크', '셀바스헬스케어', '쇼박스', '시노펙스', '실리콘투', '씨아이에스', '아미노로직스', '아이쓰리시스템', '알서포트', '알테오젠', '에스앤에스텍', '에스엠', '에스티아이', '에스티팜', '에코프로에이치엔', '엘앤씨바이오', '오스테오닉', '오하임앤컴퍼니', '와이엠텍', '원준', '원텍', '유진테크', '윤성에프앤씨', '이노메트리', '이랜시스', '이오테크닉스', '잉글우드랩', '자람테크놀로지', '제너셈', '제룡전기', '제우스', '제이시스메디칼', '제이아이테크', '제이앤티씨', '제이오', '제주반도체', '주성엔지니어링', '지아이텍', '지앤비에스 에코', '지오엘리먼트', '케어젠', '케이씨에스', '케이아이엔엑스', '케이에스피', '케이엔제이', '케이피에스', '켐트로스', '큐브엔터', '키네마스터', '탑머티리얼', '태성', '티앤엘', '티에프이', '티이엠씨', '파마리서치', '폴라리스오피스', '퓨런티어', '프로이천', '피에스케이홀딩스', '피엔에이치테크', '피코그램', '하이로닉', '한국비엔씨', '한국파마', '한솔아이원스', '한양디지텍', '현대무벡스']"
pEqV,"['096760', '001340', '003520', '008500', '089590', '272450', '192820', '091810', '039130', '047810', '009240', '067290', '187790', '306620', '104620', '065560', '060260', '068240', '096350', '080160', '065450', '001000', '368600', '307180', '007820', '317870', '208860', '353810', '160600', '211050', '362320', '041960', '096240', '215090']","['JW홀딩스', '백광산업', '영진약품', '일정실업', '제주항공', '진에어', '코스맥스', '티웨이항공', '하나투어', '한국항공우주', '한샘', 'JW신약', '나노', '네온테크', '노랑풍선', '녹원씨엔아이', '뉴보텍', '다원시스', '대창솔루션', '모두투어', '빅텍', '신라섬유', '아이씨에이치', '아이엘사이언스', '에스엠코어', '엔바이오니아', '엔지스테크널러지', '이지바이오', '이큐셀', '인카금융서비스', '청담글로벌', '코미팜', '크레버스', '휴센텍']"
pEqv,"['079550', '229640', '326030', '000660', '000150', '008730', '020760', '035720', '003670', '005110', '082740', '064350', '298040', '298050', '094480', '286750', '138610', '389260', '078600', '194480', '261200', '281740', '059090', '226340', '126340', '083650', '178320', '159010', '096630', '262260', '156100', '259630', '122640', '082210', '074600', '240600', '164060', '239340', '254120', '067000', '094360', '089010', '355150', '137400', '048410']","['LIG넥스원', 'LS에코에너지', 'SK바이오팜', 'SK하이닉스', '두산', '율촌화학', '일진디스플', '카카오', '포스코퓨처엠', '한창', '한화엔진', '현대로템', '효성중공업', '효성첨단소재', '갤럭시아머니트리', '나노브릭', '나이벡', '대명에너지', '대주전자재료', '데브시스터즈', '덴티스', '레이크머티리얼즈', '미코', '본느', '비나텍', '비에이치아이', '서진시스템', '아스플로', '에스코넥', '에이프로', '엘앤케이바이오', '엠플러스', '예스티', '옵트론텍', '원익QnC', '유진테크놀로지', '이루다', '이스트에이드', '자비스', '조이시티', '칩스앤미디어', '켐트로닉스', '코스텍시스', '피엔티', '현대바이오']"
peQV,"['027410', '001460', '000590', '155660', '069730', '078930', '089470', '234080', '344820', '025000', '092230', '033780', '093050', '051900', '108320', '383800', '030190', '008260', '004250', '001380', '123700', '003570', '064960', '100840', '036530', '069260', '035250', '002100', '009450', '000050', '010130', '009290', '037710', '339770', '214330', '025860', '000320', '004370', '072710', '014160', '003220', '015230', '001130', '003830', '016090', '192080', '007590', '026960', '102260', '000640', '282690', '049770', '000020', '024090', '013570', '210540', '004000', '012690', '009680', '033920', '008420', '107590', '134380', '003650', '377740', '035150', '003850', '000890', '090460', '005180', '008040', '007160', '006090', '006660', '018260', '005930', '145990', '002170', '000070', '002810', '005680', '023000', '002450', '009770', '005500', '010960', '001820', '075180', '007540', '248170', '017390', '014910', '003080', '004980', '004360', '306200', '013000', '021820', '067830', '004430', '126720', '017550', '016590', '029530', '004970', '035510', '031430', '005800', '002870', '004080', '004770', '002790', '002030', '183190', '002310', '018250', '012750', '244920', '097520', '014440', '111770', '009970', '007310', '001800', '005820', '033270', '014830', '002920', '000700', '000760', '101140', '007570', '081000', '015860', '226320', '030000', '001560', '004700', '120030', '001630', '088790', '003780', '002780', '138490', '021240', '192400', '284740', '264900', '005740', '014580', '015890', '006890', '004870', '034230', '004720', '016800', '103140', '005810', '293480', '005430', '025540', '002200', '000970', '161390', '003350', '020000', '105630', '016450', '009180', '004710', '300720', '006390', '003300', '051600', '272210', '453340', '086280', '005440', '227840', '126560', '057050', '003010', '000850', '016580', '265520', '126600', '068790', '900290', '195940', '036640', '036670', '046440', '035600', '060720', '058400', '052900', '040610', '063440', '032540', '051390', '014570', '950190', '215000', '121440', '014200', '066620', '043650', '204020', '036190', '051490', '089600', '130580', '111710', '095660', '092730', '194700', '285490', '054050', '270870', '004780', '017650', '078140', '108380', '005710', '120240', '003310', '131220', '054670', '023910', '298540', '299170', '090410', '006620', '086450', '041930', '079960', '013120', '109860', '032960', '187870', '263690', '310870', '263020', '290550', '131180', '171120', '228850', '900260', '071280', '038060', '377450', '195500', '267980', '005990', '067280', '072870', '215200', '333050', '201490', '206640', '038460', '043150', '267790', '046310', '331520', '019010', '250000', '100120', '121800', '086670', '042370', '093190', '143240', '014970', '018310', '023600', '009300', '054540', '002290', '032750', '038500', '046390', '038070', '006730', '019770', '018680', '093920', '065710', '035890', '003100', '086710', '014620', '045300', '340440', '017510', '011560', '100700', '039310', '067770', '318160', '035610', '050960', '192440', '012790', '187270', '160980', '049960', '352700', '376290', '101240', '149950', '050860', '143160', '054800', '332370', '119830', '032080', '158430', '001540', '297570', '061040', '310200', '030960', '042110', '103230', '260970', '056190', '069510', '003800', '072990', '357230', '224110', '064850', '950130', '333620', '058630', '009780', '036560', '265560', '036000', '045060', '014940', '053980', '052420', '057540', '131030', '122990', '067900', '155650', '115440', '153490', '065680', '018620', '104830', '008370', '101160', '064090', '095270', '069080', '053580', '330350', '348350', '136540', '192390', '900340', '036200', '048430', '089850', '264450', '078070', '024800', '263770', '191410', '044960', '065440', '080010', '134060', '041830', '060150', '216050', '115310', '071200', '101930', '094820', '049550', '043910', '208140', '040420', '122310', '147830', '199820', '038010', '072020', '043610', '051160', '119850', '018120', '086060', '036890', '007370', '094850', '004650', '047820', '221980', '025880', '105330', '039420', '036030', '054410', '047770', '049430', '052330', '200130', '294570', '066310', '023160', '066700', '095610', '064520', '204610', '241790', '104480', '037030', '091700', '318010', '225590', '251970', '114630', '005670', '023900', '035200', '075130', '237750', '002230', '347740', '006140', '013030', '066130', '004590', '039340', '017890', '025770', '021650', '052600', '256150', '092460', '045100', '007770', '079170', '214180', '052260', '060560', '039610', '097870', '200670', '243070', '084110', '010240', '189980', '238490']","['BGF', 'BYC', 'CS홀딩스', 'DSR', 'DSR제강', 'GS', 'HDC현대EP', 'JW생명과학', 'KCC글라스', 'KPX케미칼', 'KPX홀딩스', 'KT&G', 'LF', 'LG생활건강', 'LX세미콘', 'LX홀딩스', 'NICE평가정보', 'NI스틸', 'NPC', 'SG글로벌', 'SJM', 'SNT다이내믹스', 'SNT모티브', 'SNT에너지', 'SNT홀딩스', 'TKG휴켐스', '강원랜드', '경농', '경동나비엔', '경방', '고려아연', '광동제약', '광주신세계', '교촌에프앤비', '금호에이치티', '남해화학', '노루홀딩스', '농심', '농심홀딩스', '대영포장', '대원제약', '대창단조', '대한제분', '대한화섬', '대현', '더블유게임즈', '동방아그로', '동서', '동성케미컬', '동아쏘시오홀딩스', '동아타이어', '동원F&B', '동화약품', '디씨엠', '디와이', '디와이파워', '롯데정밀화학', '모나리자', '모토닉', '무학', '문배철강', '미원홀딩스', '미원화학', '미창석유', '바이오노트', '백산', '보령', '보해양조', '비에이치', '빙그레', '사조동아원', '사조산업', '사조오양', '삼성공조', '삼성에스디에스', '삼성전자', '삼양사', '삼양통상', '삼양홀딩스', '삼영무역', '삼영전자', '삼원강재', '삼익악기', '삼정펄프', '삼진제약', '삼호개발', '삼화콘덴서', '새론오토모티브', '샘표', '샘표식품', '서울가스', '성문전자', '성보화학', '성신양회', '세방', '세아제강', '세우글로벌', '세원정공', '세이브존I&C', '송원산업', '수산인더스트리', '수산중공업', '신대양제지', '신도리코', '신라교역', '신세계 I&C', '신세계인터내셔날', '신영와코루', '신풍', '신흥', '써니전자', '아모레G', '아세아', '아세아시멘트', '아세아제지', '애경산업', '에스원', '에이플러스에셋', '엠씨넥스', '영보화학', '영원무역', '영원무역홀딩스', '오뚜기', '오리온홀딩스', '원림', '유나이티드제약', '유니드', '유성기업', '유수홀딩스', '이화산업', '인바이오젠', '일양약품', '일진다이아', '일진홀딩스', '잇츠한불', '제일기획', '제일연마', '조광피혁', '조선선재', '종근당홀딩스', '진도', '진양산업', '진흥기업', '코오롱ENP', '코웨이', '쿠쿠홀딩스', '쿠쿠홈시스', '크라운제과', '크라운해태홀딩스', '태경비케이', '태경산업', '태경케미컬', '티웨이홀딩스', '파라다이스', '팜젠사이언스', '퍼시스', '풍산', '풍산홀딩스', '하나제약', '한국공항', '한국단자', '한국수출포장', '한국주철관', '한국타이어앤테크놀로지', '한국화장품제조', '한섬', '한세실업', '한세예스24홀딩스', '한솔로지스틱스', '한솔테크닉스', '한일시멘트', '한일현대시멘트', '한일홀딩스', '한전KPS', '한화시스템', '현대그린푸드', '현대글로비스', '현대지에프홀딩스', '현대코퍼레이션홀딩스', '현대퓨처넷', '현대홈쇼핑', '혜인', '화천기공', '환인제약', 'AP시스템', 'BGF에코머티리얼즈', 'DMS', 'GRT', 'HK이노엔', 'HRS', 'KCI', 'KG모빌리언스', 'KG이니시스', 'KH바텍', 'KNN', 'KX하이텍', 'SG&G', 'SM Life Design', 'TJ미디어', 'YW', '고려제약', '고스트스튜디오', '골프존', '골프존뉴딘홀딩스', '광림', '국보디자인', '국순당', '그리티', '금화피에스시', '나라엠앤디', '나스미디어', '나이스디앤비', '남화산업', '네오위즈', '네오팜', '노바렉스', '노바텍', '농우바이오', '뉴트리', '대륙제관', '대림제지', '대봉엘에스', '대양전기공업', '대원산업', '대정화금', '대주산업', '대한과학', '대한뉴팜', '대한약품', '더네이쳐홀딩스', '더블유에스아이', '덕신이피씨', '동구바이오제약', '동국제약', '동아화성', '동양이엔피', '동원개발', '동일금속', '동일기연', '디바이스이엔지', '디알젬', '디와이씨', '디케이앤디', '디케이티', '딜리', '라이온켐텍', '레이언스', '로스웰', '로체시스템즈', '루멘스', '리파인', '마니커에프앤지', '매일유업', '매일홀딩스', '멀티캠퍼스', '메가스터디', '메가스터디교육', '모코엠시스', '미투온', '바디텍메드', '바이오스마트', '바텍', '배럴', '백금T&A', '밸로프', '베뉴지', '보라티알', '뷰웍스', '비덴트', '비엠티', '비츠로테크', '빅솔론', '사람인', '삼륭물산', '삼목에스폼', '삼보판지', '삼아제약', '삼영엠텍', '삼일기업공사', '삼진', '삼표시멘트', '삼화네트웍스', '서린바이오', '서부T&D', '서연탑메탈', '서울제약', '서원인텍', '서호전기', '서희건설', '선광', '선진뷰티사이언스', '성광벤드', '성우테크론', '세림B&G', '세명전기', '세보엠이씨', '세운메디칼', '세중', '세진티에스', '셀바이오휴먼텍', '솔본', '수산아이앤티', '슈피겐코리아', '신일제약', '신화콘텍', '싸이맥스', '쎌바이오텍', '씨앤투스', '씨유테크', '씨큐브', '아바텍', '아세아텍', '아이디스', '아이디스홀딩스', '아이디피', '아이텍', '아즈텍WB', '아톤', '안국약품', '알로이스', '알에프텍', '애니플러스', '양지사', '에스씨디', '에스앤더블류', '에스앤디', '에스에프에이', '에스텍', '에이스침대', '에이치시티', '에이치피오', '에이텍모빌리티', '에프앤가이드', '엑세스바이오', '엔시스', '엠게임', '엠에스씨', '영풍정밀', '영화테크', '예림당', '오공', '오리엔탈정공', '오상자이엘', '오성첨단소재', '옴니시스템', '옵투스제약', '와이솔', '와이엔텍', '와이엠씨', '우리넷', '우리이앤엘', '우주일렉트로', '우진비앤지', '원익머트리얼즈', '원풍', '월덱스', '웨스트라이즈', '웨이브일렉트로', '웹젠', '웹케시', '위더스제약', '위드텍', '윈스', '윈하이텍', '윙입푸드', '유니셈', '유라테크', '유비벨록스', '유비쿼스', '유비쿼스홀딩스', '유성티엔에스', '유에스티', '육일씨엔에쓰', '이글벳', '이루온', '이상네트웍스', '이퓨쳐', '인바디', '인선이엔티', '인크로스', '인포바인', '인피니트헬스케어', '인화정공', '일진파워', '잉크테크', '자연과환경', '정다운', '정상제이엘에스', '제노레이', '제룡산업', '제일일렉트릭', '제일테크노스', '중앙백신', '지니뮤직', '지어소프트', '지엔씨에너지', '진로발효', '진바이오텍', '진성티이씨', '진양제약', '참좋은여행', '창해에탄올', '초록뱀미디어', '케이디켐', '케이씨피드', '케이엔더블유', '케이엘넷', '케이티알파', '케이피티유', '코데즈컴바인', '코메론', '코텍', '콜마비앤에이치', '쿠콘', '큐에스아이', '태광', '테라젠이텍스', '테스', '테크엘', '티쓰리', '티이엠씨씨엔에스', '티케이케미칼', '파워넷', '파트론', '팜스빌', '패션플랫폼', '펌텍코리아', '폴라리스우노', '푸드웰', '풍국주정', '프럼파스트', '플랜티넷', '피앤씨테크', '피에스텍', '피엔케이피부임상연구센타', '피제이전자', '하이록코리아', '하츠', '한국가구', '한국경제TV', '한국알콜', '한국정보통신', '한국큐빅', '한네트', '한독크린텍', '한라IMS', '한양이엔지', '한일화학', '한창산업', '헥토이노베이션', '현대바이오랜드', '홈센타홀딩스', '화성밸브', '효성오앤비', '휴메딕스', '휴온스', '휴온스글로벌', '흥국', '흥국에프엔비', '힘스']"
peQv,"['000990', '004840', '007700', '267270', '011200', '009440', '016380', '001390', '003550', '011070', '010120', '035420', '010060', '005490', '025530', '402340', '100090', '071970', '002900', '011420', '214390', '002240', '017900', '011780', '000270', '090350', '003090', '000430', '004830', '001230', '014820', '163560', '241560', '016740', '009900', '003960', '028050', '028260', '009150', '007860', '004490', '003030', '267850', '005850', '036570', '271560', '011690', '105840', '000220', '033240', '033250', '029460', '214420', '028670', '058430', '000240', '053690', '195870', '012330', '010690', '005010', '054620', '297890', '078150', '151860', '086960', '024940', '057030', '029480', '190510', '212560', '042420', '077360', '223250', '016670', '197140', '066670', '042500', '098120', '100590', '133750', '041920', '059210', '006920', '337930', '032850', '072950', '091580', '036630', '036830', '236200', '094840', '099440', '033790', '048870', '050890', '900120', '052300', '013990', '083930', '136410', '031310', '052460', '052790', '129890', '080000', '148930', '198080', '368970', '332570', '101170', '241690', '142210', '049520', '296640', '272290', '131400', '123570', '049070', '051370', '174880', '119860', '123410', '900250', '044490', '051360', '108230', '084730', '234100', '237820', '043370', '087600', '126700', '106190', '041460', '053300', '030520', '066980', '170030', '039010', '092300', '078590', '065510']","['DB하이텍', 'DRB동일', 'F&F홀딩스', 'HD현대건설기계', 'HMM', 'KC그린홀딩스', 'KG스틸', 'KG케미칼', 'LG', 'LG이노텍', 'LS ELECTRIC', 'NAVER', 'OCI홀딩스', 'POSCO홀딩스', 'SJM홀딩스', 'SK스퀘어', 'SK오션플랜트', 'STX중공업', 'TYM', '갤럭시아에스엠', '경보제약', '고려제강', '광전자', '금호석유', '기아', '노루페인트', '대웅', '대원강업', '덕성', '동국홀딩스', '동원시스템즈', '동일고무벨트', '두산밥캣', '두올', '명신산업', '사조대림', '삼성E&A', '삼성물산', '삼성전기', '서연', '세방전지', '세아제강지주', '아시아나IDT', '에스엘', '엔씨소프트', '오리온', '와이투솔루션', '우진', '유유제약', '자화전자', '체시스', '케이씨', '토니모리', '팬오션', '포스코스틸리온', '한국앤컴퍼니', '한미글로벌', '해성디에스', '현대모비스', '화신', '휴스틸', 'APS', 'HB솔루션', 'HB테크놀러지', 'KG에코솔루션', 'MDS테크', 'PN풍년', 'YBM넷', '광무', '나무가', '네오오토', '네오위즈홀딩스', '덕산하이메탈', '드림씨아이에스', '디모아', '디지캡', '디티씨', '링네트', '마이크로컨텍솔', '머큐리', '메가엠디', '메디아나', '메타바이오메드', '모헨즈', '브랜드엑스코퍼레이션', '비트컴퓨터', '빛샘전자', '상신이디피', '세종텔레콤', '솔브레인홀딩스', '슈프리마', '슈프리마에이치큐', '스맥', '스카이문스테크놀로지', '시너지이노베이션', '쏠리드', '씨엑스아이', '씨티프라퍼티', '아가방컴퍼니', '아바코', '아셈스', '아이즈비전', '아이크래프트', '액토즈소프트', '앱코', '에스엔유', '에이치와이티씨', '엔피디', '오에스피', '와이팜', '우림피티에스', '유니테크노', '유니트론텍', '유아이엘', '이노룰스', '이녹스첨단소재', '이브이첨단소재', '이엠넷', '인탑스', '인터플렉스', '장원테크', '커넥트웨이브', '코리아에프티', '크리스탈신소재', '태웅', '토비스', '톱텍', '팅크웨어', '폴라리스세원', '플레이디', '피에이치에이', '픽셀플러스', '하이비젼시스템', '하이텍팜', '한국전자인증', '한국정보인증', '한글과컴퓨터', '한성크린텍', '현대공업', '현대에이치티', '현우산업', '휴림에이텍', '휴비츠']"
peqV,"['095570', '006840', '097950', '000480', '012030', '000210', '007340', '006360', '012630', '294870', '267250', '014790', '060980', '002460', '009070', '044450', '030200', '032640', '066570', '010950', '005090', '017670', '077970', '012610', '013580', '014280', '001260', '005720', '002350', '001680', '016710', '047040', '003490', '092780', '030720', '089860', '070960', '009200', '007120', '004690', '004450', '041650', '008490', '007610', '004170', '298690', '015360', '214320', '023800', '023810', '194370', '001550', '002600', '063160', '019180', '000080', '000140', '015760', '161890', '213500', '003480', '101530', '069960', '017800', '093240', '013520', '298020', '081660', '290120', '044180', '091340', '053270', '036800', '085910', '032190', '290380', '104460', '113810', '038390', '080420', '101330', '053700', '011370', '037350', '053060', '115480', '154030', '050760', '089530', '123040', '039830', '007530', '019210', '352940', '019540', '049630', '044060', '053050', '064820', '024880', '052400', '045520', '177830', '049120', '131760', '219750', '063570', '024740', '034810', '090850', '037440']","['AJ네트웍스', 'AK홀딩스', 'CJ제일제당', 'CR홀딩스', 'DB', 'DL', 'DN오토모티브', 'GS건설', 'HDC', 'HDC현대산업개발', 'HD현대', 'HL D&I', 'HL홀딩스', 'HS화성', 'KCTC', 'KSS해운', 'KT', 'LG유플러스', 'LG전자', 'S-Oil', 'SGC에너지', 'SK텔레콤', 'STX엔진', '경인양행', '계룡건설', '금강공업', '남광토건', '넥센', '넥센타이어', '대상', '대성홀딩스', '대우건설', '대한항공', '동양피스톤', '동원수산', '롯데렌탈', '모나용평', '무림페이퍼', '미래아이앤지', '삼천리', '삼화왕관', '상신브레이크', '서흥', '선도전기', '신세계', '에어부산', '예스코홀딩스', '이노션', '인지컨트롤스', '인팩', '제이에스코퍼레이션', '조비', '조흥', '종근당바이오', '티에이치엔', '하이트진로', '하이트진로홀딩스', '한국전력', '한국콜마', '한솔제지', '한진중공업홀딩스', '해태제과식품', '현대백화점', '현대엘리베이', '형지엘리트', '화승코퍼레이션', '효성티앤씨', '휠라홀딩스', 'DH오토리드', 'KD', 'S&K폴리텍', '구영테크', '나이스정보통신', '네오티스', '다우데이타', '대유', '디와이피엔에프', '디젠스', '레드캡투어', '모다이노칩', '모베이스', '삼보모터스', '서한', '성도이엔지', '세동', '씨유메디칼', '아시아종묘', '에스폴리텍', '에이티세미콘', '엠에스오토텍', '오로라', '와이엠', '와이지-원', '인바이오', '일지테크', '재영솔루텍', '조광ILI', '지에스이', '케이프', '케이피에프', '코나아이', '크린앤사이언스', '파버나인', '파인디앤씨', '파인텍', '한국비티비', '한국전자금융', '한일단조', '해성산업', '현대이지웰', '희림']"
peqv,"['001040', '042670', '204320', '002380', '003620', '034730', '002720', '073240', '023590', '117580', '002880', '005880', '004140', '006040', '034020', '025560', '100220', '200880', '006880', '010780', '001780', '033530', '017370', '077500', '071320', '004100', '036460', '010100', '003680', '452260', '005380', '378850', '114450', '069140', '203650', '039840', '093520', '012860', '118990', '063170', '015750', '043260', '204630', '017000', '243840', '090150', '013310', '288620', '073110', '036090', '102710', '063080', '263700', '053080', '033290', '057680', '131100', '076610', '234340']","['CJ', 'HD현대인프라코어', 'HL만도', 'KCC', 'KG모빌리티', 'SK', '국제약품', '금호타이어', '다우기술', '대성에너지', '대유에이텍', '대한해운', '동방', '동원산업', '두산에너빌리티', '미래산업', '비상교육', '서연이화', '신송홀딩스', '아이에스동서', '알루코', '에스제이지세종', '우신시스템', '유니퀘스트', '지역난방공사', '태양금속', '한국가스공사', '한국무브넥스', '한성기업', '한화갤러리아', '현대차', '화승알앤에이', '그린생명과학', '누리플랜', '드림시큐리티', '디오', '매커스', '모베이스전자', '모트렉스', '서울옥션', '성우하이텍', '성호전자', '스튜디오산타클로스', '신원종합개발', '신흥에스이씨', '아이윈', '아진산업', '에스퓨얼셀', '엘엠에스', '위지트', '이엔에프테크놀로지', '컴투스홀딩스', '케어랩스', '케이엔솔', '코웰패션', '티사이언티픽', '티엔엔터테인먼트', '해성옵틱스', '헥토파이낸셜']"
